admin_id,admin_name,username,password
1,Bethena Alltimes,balltimes0,kI9|C\<IC
2,Barr Whittingham,bwhittingham1,yJ9|w.GTsj8
3,La verne Bernier,lverne2,mI0=i}eQ@ro?q_
4,Brittne Whewell,bwhewell3,sT9<3=#$)CR
5,Kelci Gerrett,kgerrett4,gQ6$=yH>UdoY&
6,Kendell Chaulk,kchaulk5,hT4'T\P$EcP
7,Leonore Shearstone,lshearstone6,sO3)GWiBlm
8,Didi Tomalin,dtomalin7,aU8#~hI}%iW
9,Sampson Rankcom,srankcom8,gV6#)6V7T
10,Germaine Juanico,gjuanico9,vI4{IwrlhE<\UaWJ
11,Charlot Hiddersley,chiddersleya,lY3/WqnCr|
12,Earl Copins,ecopinsb,hU5#v)UPX3
13,Bridgette Kertess,bkertessc,lM2$eXzJs(
14,Jamey Sturmey,jsturmeyd,dW5?Dd?K_RNjE
15,Merrill Gallatly,mgallatlye,dZ6\hcrxic0|8w%
16,Witty Kinig,wkinigf,mM5%`sFCRQM
17,Adolphe Lathleiffure,alathleiffureg,qG7+Q|G=
18,Chrissy Diglin,cdiglinh,qH5=H3Y.*_%!6
19,Myrtia Weekland,mweeklandi,wS5$ZHo~/v
20,Ashla Brett,abrettj,yX7&@a9a`Zv
21,Gawen Collacombe,gcollacombek,vM9(m`pp4pouZ
22,Vinson Booley,vbooleyl,yQ0/DEuU}t|
23,Durant Lenden,dlendenm,wS7%OkW_tToO36}
24,Sela Talton,staltonn,tG6?+?swl
25,Ruperta Wye,rwyeo,zL6)hD1BP
26,Pate Ricardou,pricardoup,eZ7(~mOZMF
27,Filberto Lisett,flisettq,pQ9{o=gTLy)Tc%
28,Thorpe Waltho,twalthor,vG4?1x>HYbk
29,Perry Welldrake,pwelldrakes,hZ9|8E#{f
30,Augustus Meaddowcroft,ameaddowcroftt,vG3$Q+&}d
31,Oriana Startin,ostartinu,mO9$LeG#~v{_m+/D
32,Klarrisa Wasylkiewicz,kwasylkiewiczv,oP1&~O%.Ha(A
33,Fionna Liccardo,fliccardow,"iL0,$W/>rt*}>AR"
34,Theodore McQuillin,tmcquillinx,hA6)Y?p4
35,Claudio Raikes,craikesy,yA1/pw1vwn
36,Linzy Ellington,lellingtonz,qK9/L6k.Cc/Q
37,Becki Giacovetti,bgiacovetti10,vB1`Lg6K<H~$cS*
38,Rab Davion,rdavion11,gZ8(zA%U_Jh)(r
39,Jennica Grey,jgrey12,"nD8>vf/(qYw.*C,"
40,Karna Kenward,kkenward13,jD2+2Y'a
41,Fanya Leishman,fleishman14,nY2_1#sg
42,Teressa Craigg,tcraigg15,rW7<LyzE
43,Kliment Joriot,kjoriot16,"zB8""5p3<g<++C\"
44,Deni Havelin,dhavelin17,mS3=o'7!2!s&
45,Rafa Wintersgill,rwintersgill18,iY8/dZJD@'>%!!{L
46,Hy Guidera,hguidera19,nT0'&`+`NP7
47,Mead McGirl,mmcgirl1a,"kO0*/IpU8V.f,E,"
48,Maxine MacGall,mmacgall1b,bF4&@yYd`
49,Annadiane Pavlitschek,apavlitschek1c,cP7~uj5Q`/wJH.
50,Lemuel Slaughter,lslaughter1d,oU0+)0s%wJD
51,Alva Hinsch,ahinsch1e,"sE1<KN9""n7q"
52,Jania Woodroofe,jwoodroofe1f,cT4%X(opNo4l.}r
53,Cecilius Baldinotti,cbaldinotti1g,nF5+Iq9WgbKWd%<
54,Sapphire Roches,sroches1h,lV9_.uPd)>+
55,Demetra Marten,dmarten1i,xQ1~caBu<
56,Deny Gorling,dgorling1j,hH8@5hPw)s>`LFt
57,Emmit Wink,ewink1k,"oN5(fL.,>q_kK"
58,Friedrick Moens,fmoens1l,rT7*@KiN
59,Bride Eagar,beagar1m,rV7'Yl$|.v9d\QH
60,Emmeline Housaman,ehousaman1n,"oU6""4Zte4z"
61,Debora Tyt,dtyt1o,zA9&A$PX0#.s{<F
62,Nettie Rickeard,nrickeard1p,fW2.AnQtM|+>L59`
63,Marv Jillard,mjillard1q,"jQ5(aDyN""2T6Q+5e"
64,Jeanelle Hedger,jhedger1r,bL8'EcJ!
65,Dulcie Goodbarne,dgoodbarne1s,mA4&iKqQq
66,Gusta Bakeup,gbakeup1t,sJ3>~k5?)%
67,Reg Blundan,rblundan1u,"vM3<4qQro3"""
68,Barton Dingwall,bdingwall1v,fH4=m/y0INq9ea4
69,Toddie Cockland,tcockland1w,vF4`}|bMIS6kiTA>
70,Bob Geraldo,bgeraldo1x,gW8>*alW
71,Mommy Caulwell,mcaulwell1y,wT0!jRj_sjt+/
72,Vince Sorey,vsorey1z,dW1>wvQ4AJyX
73,Katherine Mayling,kmayling20,gX3/QThWV3c
74,Maddie Dulson,mdulson21,fQ7`No4XTG
75,Jules Wilkennson,jwilkennson22,tJ4\5IeA'D
76,Roger Berthome,rberthome23,bK8'S#bEF7#Ox
77,Ronald MacAlinden,rmacalinden24,hS9%4+t%0%/p@6
78,Logan Drinan,ldrinan25,"sK2,@*?i9'iZ)JLP"
79,Dena Colomb,dcolomb26,pM4(Rf\7
80,Kalvin Attock,kattock27,"lV4#,!IR7q"
81,Delmore Eddie,deddie28,iA5\z7xw=_c?|
82,Jaymee Staveley,jstaveley29,fI2|wJgw
83,Pavlov Joysey,pjoysey2a,bV9@3K.wQRZk=3
84,Kelley Coviello,kcoviello2b,hV8/Is_Wi
85,Abbie Hacksby,ahacksby2c,gP6`a\1Ou{
86,Chad Badsey,cbadsey2d,zB9!d!`qpxzDb5N
87,Parry Cordeiro,pcordeiro2e,"vY6{%'nfb,~P8Yeo"
88,Marylin Powe,mpowe2f,fA4!5%oB*S1w_
89,Darsie Itzkov,ditzkov2g,oF7+nJn6~IsDRX
90,Nessa Pierce,npierce2h,"mQ3,+TmSKsM_D"
91,Enrique Chalder,echalder2i,"eP1,G)u,)5~J_*"
92,Natal Shepstone,nshepstone2j,"gB6,,L81\\'B""t6E"
93,Berenice Gowry,bgowry2k,"mP9~""HamoE!w"
94,Caril Bearn,cbearn2l,iF8%F7c|S){yn
95,Gareth O'Dee,godee2m,pD5!Y0q8`>d_4y<
96,Blaine Frangione,bfrangione2n,uB5#$?P%z
97,Kaycee Dillway,kdillway2o,uA2)6ze4#f
98,Ramonda Nairne,rnairne2p,rK2+0<~U8wWf*3
99,Blakeley Cockerill,bcockerill2q,fZ3!LztPTs~>X'
100,Padgett Roebuck,proebuck2r,cD9&ExpLVu
101,Dede McKennan,dmckennan2s,oP5`+8#1|(5g
102,Clare Killock,ckillock2t,bV1+De2Q_U+
103,Hillier Schroeder,hschroeder2u,yR0%0I4$.i
104,Retha Bollis,rbollis2v,uN1&`z8}=I35`oi2
105,Marley Philipeaux,mphilipeaux2w,"aJ9.P.N.,X4j."
106,Cosimo Zanicchi,czanicchi2x,tL6\l12$r7G*
107,Jeanna Gilliland,jgilliland2y,nF1=AIqG%Ai(
108,Lorenza Myton,lmyton2z,"lA3?llju""FHp+f"
109,Clay Coneley,cconeley30,rA5@tiumjX=$7
110,Grannie Carlan,gcarlan31,rR3%41OGb`Ca
111,Theo de Verson,tde32,lX4=2$7S`4'vp%E
112,Haze Taplin,htaplin33,jG9}9n2e>||eiD
113,Dewain De Nisco,dde34,"nZ7.""+'/j6/(9lEh"
114,Damita Tewelson,dtewelson35,hW2+XoEM
115,Chrotoem Rossborough,crossborough36,uS2#H_F!$RZ0S
116,Dall Hellyar,dhellyar37,tW1%+K%fx|PBkF
117,Bevan Ligoe,bligoe38,lM7}y\Yr
118,Valentijn Don,vdon39,cF6#s\JW>
119,Chaddy Tideswell,ctideswell3a,cS2~#lljqM(
120,Nicolas Graveston,ngraveston3b,vP4(E@hPtke~*L
121,Andra Tweddle,atweddle3c,xC3%R$<oT&u
122,Giacomo Crowd,gcrowd3d,zB9&)6Sv
123,Dosi Bouller,dbouller3e,eK7*j5I4T=
124,Rockwell Robus,rrobus3f,sH7|OCaxuU1/Lq7m
125,Glendon Kisbey,gkisbey3g,oG3*9~0|.'
126,Bertrando Fetherby,bfetherby3h,pD2=(tosGy$S+
127,Ruperto Sugar,rsugar3i,aJ7*$/$H{os1
128,Barbie Cicchinelli,bcicchinelli3j,"nH1|uk1,9@a!|%"
129,Damien Charville,dcharville3k,"jU0,n}13vFg%K\I"
130,Don Slimme,dslimme3l,jR0/97ldgM.A
131,Esta Aymes,eaymes3m,"wZ0""as?<s"
132,Hall Yuryatin,hyuryatin3n,"hA3+&MlhO{Di"""
133,Ralina Landis,rlandis3o,dA4_/#fl
134,North Ellif,nellif3p,wM0!aV422
135,Blake Goodbarr,bgoodbarr3q,"gP0|SxA%mqT,E<vN"
136,Liv Goldman,lgoldman3r,zQ2!qgp*~yh
137,Maxi Gannan,mgannan3s,lM8{Wgs=k=tqf.2D
138,Asa Enos,aenos3t,vD7{1H!5j_gU$
139,Amandi Langabeer,alangabeer3u,jF0!@7Y&cL
140,Corena Ritch,critch3v,"pN2&y%fhDKsz,~"
141,Pepito Skene,pskene3w,pD2&@3DLO
142,Doralia Blench,dblench3x,tQ2~<f'cOj$
143,Salomi Worland,sworland3y,pO8)6BecI}
144,Donella Warbys,dwarbys3z,pE6`FAnDE
145,Jonas Bearham,jbearham40,gQ4!={~&pN
146,Patrizius Lidden,plidden41,aW3!grf!
147,Tait Bridgeman,tbridgeman42,pQ0*+{wqUY$
148,Dev Skuce,dskuce43,vP2$q_zgs%_
149,Ignaz Clifft,iclifft44,iV4_\?5Phg5dkK
150,Rolando Eakle,reakle45,sU0/XPTvBgELPRwI
151,Chrysler Purrington,cpurrington46,fS4=E$QZ(
152,Stephenie MacMaster,smacmaster47,rR4'Vdc=Ioo
153,Felecia Episcopi,fepiscopi48,gJ9$/)\/Am?
154,Randell Cubin,rcubin49,vD4/Zg&lzcNZ\cF{
155,Paolina Cumine,pcumine4a,"iY3@>smI=?""h"
156,Martino Scoggan,mscoggan4b,uX1*v%~JG$8Bg
157,Megen Handes,mhandes4c,dA7_2*=33Us(MmP%
158,Ollie Fitchet,ofitchet4d,cH8$uw%nAFh&ZF>&
159,Dorothea Cheeney,dcheeney4e,pA4'a1sf
160,Meggie Georger,mgeorger4f,qN3?/\K7OZDklxvb
161,Alick Van Der Walt,avan4g,dK7/OlrgjZ3&q
162,Bryant Greenalf,bgreenalf4h,"wS4@L$E6W,a'g@"
163,Brier O'Hara,bohara4i,iL3!6AXLikULk?bR
164,Elliott Champerlen,echamperlen4j,rV4@1gBOP
165,Maureene Warin,mwarin4k,cG3%R`5e@RY4H
166,Constantino Eddis,ceddis4l,"qC6<m@rgV"">"
167,Neall Sowray,nsowray4m,tE9#p12dD!XQ
168,Brocky Langwade,blangwade4n,bW7{WL}.zX?@=y
169,Lyn Glasbey,lglasbey4o,gY5_Q>by~0Em}6j/
170,Lynnea Bourthouloume,lbourthouloume4p,cD3<lI}3@<c{6t
171,Angelica Goadbie,agoadbie4q,"yR8,*Mh,i5}V2T"
172,Read Fulham,rfulham4r,dV0(eJhSn3\!W
173,Emery Fishlock,efishlock4s,bT2#Ri)Cz.%nND`e
174,Issiah Mattedi,imattedi4t,zK4)#}N#68Ap
175,Donny Conibere,dconibere4u,"xO0""6qX=0W"
176,Sherwin Ivantyev,sivantyev4v,lK8&slr|st@\6Y_m
177,Whitaker Porker,wporker4w,rG2(ND!=l
178,Cherilynn Mogra,cmogra4x,aD2$/`#NfiqOn
179,Claribel Proudman,cproudman4y,"rM2>%!F.v,0Ki"
180,Justina Archbutt,jarchbutt4z,yC0%*fet/DhC2
181,Caren McMullen,cmcmullen50,dE8`)Sm0Pvu
182,Nicolais Tesseyman,ntesseyman51,rC9.D3=|hoa.l\
183,Ania Malthouse,amalthouse52,"fU4+,W{~{@E)"
184,Leon Costell,lcostell53,hH4/gkxp_
185,Alistair Gegay,agegay54,jV5(HwI#
186,Tomasina Rew,trew55,xF0>_s@}Z.+REUc>
187,Lanie Goulstone,lgoulstone56,"qP5/N""""\pMQ?"
188,Douglas Dudney,ddudney57,lN2%Gua\*
189,Karlyn Reside,kreside58,yO9{>|0kh
190,Karol Broady,kbroady59,zV7.u)_yX5}hW#K%
191,Owen Joliffe,ojoliffe5a,mF8>s~4H=+Yr(+
192,Pace Kehri,pkehri5b,gS9{\=yB|ON
193,Gris Attwoul,gattwoul5c,"uY3.k7OQG/%,cnn"
194,Alanah Weine,aweine5d,mY1#w3wmdzfJ'Dsa
195,Phaidra Portigall,pportigall5e,dC9?f&i*!GGA<&l
196,Lotta Gooddie,lgooddie5f,yV3|7*O%lfV
197,Cori Dwyr,cdwyr5g,qR5>#Ge?DG3SBT2
198,Genna Topley,gtopley5h,aE5`nR@`.Wt')!6
199,Eileen Charlesworth,echarlesworth5i,hJ5)Zp$~CW
200,Emerson Scragg,escragg5j,lX8~#=!s<*PfWCbI
201,Leonanie Dyzart,ldyzart5k,cC6~pj32cK4s=R5@
202,Dionne Skippings,dskippings5l,iH1!)GCA
203,Paddy Eggins,peggins5m,oI8$%d#4i?
204,Pascale Lillow,plillow5n,vO8@T5(#MOb8>H3F
205,Jacquette Crick,jcrick5o,dB9*0.NHwZK}`c6M
206,Tove Samwyse,tsamwyse5p,hU5>+W35E0sB
207,Isidor Flawn,iflawn5q,"sV7$IE""|7krDE#"
208,Jan Kinnach,jkinnach5r,zF1{tN'd3#zF
209,Harman Wedgwood,hwedgwood5s,"xH7#Wc7),l>~TmN("
210,Palm Goldman,pgoldman5t,oE9$*iPA)'!(w
211,Allyn Von Welden,avon5u,gF4&z>r<}?@
212,Henriette O'Cahill,hocahill5v,oK8}jL>7}j|z0q
213,Issiah Jillett,ijillett5w,nN2%#F_1YPLy'
214,Parnell Franciottoi,pfranciottoi5x,hP4<JyAVde
215,Verina Ellph,vellph5y,cI3*smmv+)c2lg
216,Lemmie Sprankling,lsprankling5z,qQ9#mkTw$T
217,Larina Dow,ldow60,iP2(8f*%w'%U
218,Wilden Headland,wheadland61,cR1<2x\%
219,Ingra Ripon,iripon62,xP5=_Cm8xI
220,Olenolin Fussell,ofussell63,nY4%ROrB*?=
221,Vinnie Alexandrou,valexandrou64,eW6\_#LH#vZ0#W2_
222,Gwenore Heaffey,gheaffey65,sB2~MO&%If#nQX
223,Raimund Enright,renright66,qN8_>dyjV'iyA
224,Tiertza Gulc,tgulc67,yN4<Dj)W?H=2sI
225,Cece Collihole,ccollihole68,"fZ2.$S,2)B|s?"
226,Leann Plastow,lplastow69,kN3\PJLW?$%
227,Linnea Scholtis,lscholtis6a,pX3<&96S
228,Nancey Fishbie,nfishbie6b,xC0!%PK@vCZ
229,Mandy Dilleston,mdilleston6c,dW0+5IX+P#A9
230,Ashley Feldharker,afeldharker6d,"cS2,%go`xE=({3v"
231,Catlee Harmond,charmond6e,oV0+x.e=KPI0
232,Conan Bosche,cbosche6f,vM6*K#$$
233,Maegan Eteen,meteen6g,pS8>4#+9d>uO
234,Natividad Husher,nhusher6h,oY7=e_xp<B)
235,Mathilda Knobell,mknobell6i,iA5`i<y+|`t5@yKj
236,Elisa Waterfield,ewaterfield6j,zY5`g|3L0|
237,Koralle Carlick,kcarlick6k,kL6}v)Py58@e>
238,Philly Mennell,pmennell6l,"vJ4(57paY90U"""
239,Denny Townshend,dtownshend6m,"uD1{RNx~,"
240,Taffy Corkill,tcorkill6n,jY8`{|s+>lK
241,Helsa McGinny,hmcginny6o,wB4'x`2K0jyt2N
242,Davida Louche,dlouche6p,aP9*U+YFnisfOqQQ
243,Creigh Dixie,cdixie6q,yB6*tTCK%
244,Allayne Dobrovolny,adobrovolny6r,oZ0{SqPj
245,Tabitha Noell,tnoell6s,lE0}snGayH79Vh(
246,Tess Petrosian,tpetrosian6t,uV6.~+.po
247,Osbourne Greensted,ogreensted6u,"bU4&""H<1\=ug"
248,Adler Ogelsby,aogelsby6v,"mN8""|iyj5"
249,Dedra Bellward,dbellward6w,"aM1\4#NeKqD9In"""
250,Bonny Reicharz,breicharz6x,tL4#~_qXAJ<j4
251,Mufi Ramelot,mramelot6y,zH0%U+s?)7wEva+y
252,Allen Smalcombe,asmalcombe6z,"fN4*mc,cu{g<W>"
253,Raddy Cholerton,rcholerton70,mW0_6u1cROxe6
254,Happy Hunnaball,hhunnaball71,nF1?sbQ*iCx}Jo
255,Elfreda Sleeny,esleeny72,qQ8\3nUeEom2
256,Sofie Mathelon,smathelon73,"vB8}OGW'a,`|%"
257,Merrie Garden,mgarden74,rU3){`8%Y
258,Dino Cawson,dcawson75,uU7=(3sU)Q
259,Hermia Berger,hberger76,"zX0~1j5g4Tyl"""
260,Phillip Speariett,pspeariett77,uZ0_X#ryQ
261,Almeda Denkin,adenkin78,nZ1{YDXVFf~
262,Shelton Craighill,scraighill79,gE9\Y(n_/W$<vU
263,Emmott Pennycuick,epennycuick7a,qF4%<w0lPHnV`
264,Madonna Fone,mfone7b,dX7\BEGT~A_A
265,Danyette MacGillivray,dmacgillivray7c,wH7.l>\#b3
266,Devlin Hallowes,dhallowes7d,sI0%lN9UXMM
267,Aldric Klejin,aklejin7e,vO6@5!&PsF|
268,Arlana Verny,averny7f,bM6*Ij|Ji
269,Maudie Deane,mdeane7g,uP8=<rqaw
270,Kass Mallan,kmallan7h,aO5.IDsh|0*mC*5h
271,Miguela Drinkhall,mdrinkhall7i,"eL2""kpbkwIm*p"
272,Danika Riglar,driglar7j,rZ2'|%_+5(>ki?Hd
273,Thia Cordova,tcordova7k,"cU3,NFLB`/AlOy2c"
274,Dacy Breffitt,dbreffitt7l,"sT8""RoS?2rbErq>K"
275,Janeva Daveran,jdaveran7m,"vA1&,L6Q/Yh<im}"
276,Sabina Filyaev,sfilyaev7n,"jS6.!)""Yo=D&3"
277,Perice Shapera,pshapera7o,eB0(oJn~N8_k9
278,Casi Philbin,cphilbin7p,yZ1&I*QtsT(R
279,Sonny McBryde,smcbryde7q,hN6_xs5a6#b
280,Benyamin Seeger,bseeger7r,"gE9/""W(gIeL34H"
281,Florie Heisham,fheisham7s,xV5)Ck!eOg6XM
282,Jacky Oddie,joddie7t,jG9&/eVG_
283,Krishnah Brandolini,kbrandolini7u,"nX9}/t\,%zHz!"
284,Elyn Kondratovich,ekondratovich7v,"fI2=0X9A$P,.34W"
285,Lynda Eblein,leblein7w,cR4!{z>Rf~QD
286,Darlene Murty,dmurty7x,uD2_@FD5BLU\\
287,Leonardo Slewcock,lslewcock7y,"hZ1,|Dkk@SO}"
288,Agace Brotherwood,abrotherwood7z,yZ9&wsgRwl(|B<NO
289,Rodrick McFfaden,rmcffaden80,nP3\=O{)Y{HSBMN
290,Brendin Oland,boland81,iT0~#!'YjR
291,Cati Sumption,csumption82,lD1_Hjc{7DE811
292,Celestyn Hardan,chardan83,"sH5}UTj)LCmFS""qF"
293,Madge Ommanney,mommanney84,aZ6'@i'my#\
294,Reidar Scanlan,rscanlan85,jQ6=Z`@6NEL
295,Granville Conway,gconway86,"wY8&k74c+bpS!B,i"
296,Averil Kilmurray,akilmurray87,"wL9,vSS7sa6rHvA"
297,Anthony Blanning,ablanning88,sR4{=VvX/O)<F'~Q
298,Ignace Scafe,iscafe89,vU4|QRjhnZ@GYuL
299,Rube Lipgens,rlipgens8a,"pV9)`""vLFN"
300,Griffin Shingfield,gshingfield8b,oL3+AFGblupt.G
301,Sher Bohills,sbohills8c,iL7.mrbFtGZV
302,Carlin Rottger,crottger8d,"qN7'\m,4`6Pcvr.}"
303,Raimundo Kinmond,rkinmond8e,zX6}2eiNdwA
304,Stephani Faustian,sfaustian8f,zM4)h8tK
305,Amelita Dyerson,adyerson8g,oC9>oW+pfZ3
306,Queenie Jannasch,qjannasch8h,"rD2$,\5kkKv##JJ"
307,Marta Fearfull,mfearfull8i,"gI6""o@*o$AA?6"
308,Jeromy Beedell,jbeedell8j,fK0?6m=V5(o
309,Carissa Kirkpatrick,ckirkpatrick8k,"gI5,UY!J"
310,Wildon Morrilly,wmorrilly8l,hS3{nTjVmN
311,Reggis Burlay,rburlay8m,"oK1""f1%7UKSa"
312,Horace Laphorn,hlaphorn8n,yM7'se7R9
313,Alley McTeague,amcteague8o,bC6/j4<?a{D.ncu
314,Alexandr Siward,asiward8p,fF4@S@!P
315,Rene Rubra,rrubra8q,fT7/iQe66OPP
316,Roxie Olivera,rolivera8r,"cT6=xU,$gmnQ~mW"
317,Granny Brecknall,gbrecknall8s,"tV5(eCX?Jq5,U{y("
318,Rubie Barta,rbarta8t,bX7|0Ky3Eyb%Q
319,Timothy Cornelis,tcornelis8u,"kK2+nH_xpI%e,"
320,Jordanna Shewry,jshewry8v,"aG1+6lr7Oag,g$~$"
321,Michelle Steely,msteely8w,qS4}>p1ZpmG
322,Stace Szymanowicz,sszymanowicz8x,wG4`\mK5`nOR7ec
323,Bradney Greir,bgreir8y,zY0+7OS+D
324,Emmett Edis,eedis8z,sU1<!+HR)=++Q03
325,Lory Rosenkranc,lrosenkranc90,xQ5|8_=AOLMP
326,Merci Hearnah,mhearnah91,"hL1,&.o2KSQ33"
327,Hetty Hartnup,hhartnup92,cL6$l6bXX
328,Rickie Cristea,rcristea93,"zE8""/~L0"
329,Pansy Lonsbrough,plonsbrough94,zH7&amlZ@ZJ!)
330,Adela Reignould,areignould95,yV0*%ZbSDk
331,Candace Quade,cquade96,"tO0""9&D="
332,Aindrea Whitlow,awhitlow97,kC0<DDs?TYY
333,Lindsay Dullingham,ldullingham98,kU5}@Cw5cP}%S
334,Hurleigh Rubartelli,hrubartelli99,tT3/NmN4Cihy0~d
335,Shawnee Field,sfield9a,"pX0(K,U1ku1"
336,Myrvyn Greenough,mgreenough9b,rO4@6'dLGc2FosE!
337,Shayne Walhedd,swalhedd9c,"aT9@/bdr$|z@,ZR)"
338,Silvana Ughetti,sughetti9d,qB5.Fnbe
339,Morton McPeice,mmcpeice9e,"vQ8?hm.t<<""JX{"
340,Brnaba Sheringham,bsheringham9f,dG1$l/7(
341,Fraze Tomaszczyk,ftomaszczyk9g,aX2#2L}V#F.
342,Paulette Mailes,pmailes9h,dP5{$l`M*&8{<HW
343,Lynelle Charity,lcharity9i,hT4#G\43jd}&Z)
344,Rayshell Whybray,rwhybray9j,rR6!T*Fv}R
345,Rae Lockhart,rlockhart9k,jL2'IJ4U<P
346,Betta Coombs,bcoombs9l,dZ4+5p'a|_$r+$~
347,Yelena Philliskirk,yphilliskirk9m,qN2!8(%wQ|
348,Evin Turfus,eturfus9n,jM7~J/$P)
349,Patrick Doree,pdoree9o,oX8`IuX7
350,Alan Woolfenden,awoolfenden9p,uX8$JP@`&bLb+vyW
351,Ange Gwilliams,agwilliams9q,"vY5*<9k7b+,a)c<"
352,Vernon Nan Carrow,vnan9r,zS1$S#2Gy~%(_H
353,Gates Rollitt,grollitt9s,hK1!f'i*cA
354,Rufus Terram,rterram9t,mZ8`wRvS
355,Harper Syne,hsyne9u,tA1$<sZ(sV=9
356,Alyss Trelevan,atrelevan9v,"zO0""hZA=j1kfJ>m="
357,Joya Castaner,jcastaner9w,"fB0%O)lO\`*"""
358,Yurik Kimblin,ykimblin9x,jY0`iu(5#
359,Gustavo Linnitt,glinnitt9y,qC3\W!>x6S!c)_
360,Kimbell Welds,kwelds9z,mE8=R.Ab8m!W_s
361,Peyton Stetlye,pstetlyea0,fA2~#z)wSmU
362,Tybie Sainer,tsainera1,"oL7(4T@faB{s&,eI"
363,Ginnie De Vere,gdea2,"dL9<2>uFR,gFgR<W"
364,Lonee Wolfe,lwolfea3,qU6?=bN=.n
365,Cathie Gatherer,cgatherera4,xZ6_BC6q\
366,Creight Claybourn,cclaybourna5,jJ3'Dh}a!V/
367,Michail Boutell,mboutella6,iZ7@?x~\M
368,Giffer Jerwood,gjerwooda7,jN2/JUY+Vm
369,Harland Bloodworth,hbloodwortha8,eH1%<=y!p+Q=}y
370,Eliza Cutforth,ecutfortha9,hG8|dCET=HVF
371,Monika Matyushkin,mmatyushkinaa,tS7)jYX~{
372,Joan Degan,jdeganab,nH2\8(/\nKYK
373,Haroun Lapish,hlapishac,"wS3,V3P#I)E}r"""
374,Joaquin Burnel,jburnelad,iU0?vcoYtB
375,Hildagarde Nigh,hnighae,"rL9_mb`k,"
376,Celestine Doodney,cdoodneyaf,kR2(5RK5#uJFx`<<
377,Doti Schuricht,dschurichtag,mA0$.+=#
378,Dwain Trenear,dtrenearah,zQ6~e~WdEZl
379,Hubey Angrick,hangrickai,"sJ4+/AFU'&""&i`"
380,Wendi Southorn,wsouthornaj,dF1%6L5(K@uL8@'=
381,Conant Botterman,cbottermanak,oH6/`2v&
382,Garald Neno,gnenoal,wK4_jFW>&
383,Engracia McFarlan,emcfarlanam,rF8!E\fF5%IQ
384,Dedie Admans,dadmansan,eS8!9/.J8CbMNifX
385,Dimitry Wille,dwilleao,jM7%vuI7@OaJ
386,Kaylyn Cobson,kcobsonap,uP6|vjC=Kzcs
387,Weston Winfred,wwinfredaq,sH2?Ldc$3A}4{
388,Gladi Ornelas,gornelasar,"qB9{S_""Z3ud."
389,Berget Giacopello,bgiacopelloas,tK6>j/1Dhp#XLlSp
390,Arley Muldoon,amuldoonat,yT7>PP6z7J9bi)
391,Ronalda Sciusscietto,rsciussciettoau,zN7\7ERx.OT/N$
392,Eldridge Gulvin,egulvinav,dX1`C|qm
393,Richart Wreak,rwreakaw,eK6=QgOG2BK|i
394,Jolie Raddon,jraddonax,wO5%4J'|#9E@=Qo
395,Jewell Abotson,jabotsonay,wC2(0?@.Jq
396,Dyanne Cuschieri,dcuschieriaz,zK5!NDI`f@8P
397,Reggy Falkinder,rfalkinderb0,jQ6`~c|zHZg>H5F
398,Truda Symones,tsymonesb1,kI6/s.nBqyww}y
399,Eldon Rosten,erostenb2,oO4=/a3CpQ
400,Marin Forster,mforsterb3,wY8}Q|#9\gTUH}E%
401,Ailsun Dobbing,adobbingb4,tN7*pX8qeh=voWX
402,Lina Noury,lnouryb5,fG2(Mt}|)5&u$
403,Shelton Ferier,sferierb6,"kS2,'pjie"
404,Ronny Pumfrey,rpumfreyb7,"xS0""VC,D|XdtP+M"
405,Pietra Goulstone,pgoulstoneb8,xM5.QGd7#ktZ_p
406,Giacomo Northage,gnorthageb9,qJ7$3J@m
407,Margarita De la Feld,mdeba,gV4%%yN$#?
408,Regen Pedroli,rpedrolibb,"uK6,r9Y<1`}p8"
409,Josias Mateiko,jmateikobc,dC2|slWf
410,Kamilah Blomefield,kblomefieldbd,sK5<|(nM'~|qb6Z7
411,Hebert Dick,hdickbe,hZ5.+26Ib\4hG=
412,Creight Hudspeth,chudspethbf,kD5~<H<`|
413,Conrade Daingerfield,cdaingerfieldbg,xP4/4IpVTY~
414,Decca Buckland,dbucklandbh,dO2}W_/O#${58uS
415,Dorry Rubinovitsch,drubinovitschbi,qW5#lnmB\?59#
416,Martin Iwanowski,miwanowskibj,pI2'IyT$.
417,Allyce Lamonby,alamonbybk,"xU8),xXvF"
418,Gerek Gooddie,ggooddiebl,fQ6>rJz3N5
419,Alina Pagden,apagdenbm,hH8+by3N
420,Janek Whall,jwhallbn,hB9%wU34c/|
421,Emelina Ford,efordbo,sE2%uVOmpn_pD7&
422,Kenyon Peddowe,kpeddowebp,dA9&#!8t\7J
423,Ollie Backson,obacksonbq,vD7)xJg+D2+tg6lY
424,Derry Hansom,dhansombr,qR3?7<{9AE
425,Jaclin Fishleigh,jfishleighbs,yP1>4e1KEQ*P)f
426,Ursula Stillert,ustillertbt,zE5(qfGpB
427,Modestia Danelet,mdaneletbu,"sT6_k,G|6"
428,Salmon Southerns,ssouthernsbv,cI8*6YW+nN
429,Germaine Bucklee,gbuckleebw,xV6{_hj6egdiUi
430,Marja Cottam,mcottambx,"nW7/@OyEV+*/#R"""
431,Cornell Daysh,cdayshby,pQ2./VJ31?
432,Emelia Haggerwood,ehaggerwoodbz,yQ4.~v+5#qkXyTd
433,Debee Padginton,dpadgintonc0,rV1`57xTTQX/V/NP
434,Susanna Brydone,sbrydonec1,eP2%1)'`vn8lV~dv
435,Allard Laughton,alaughtonc2,uC7'MOVO
436,Bride Borborough,bborboroughc3,cB4'>m$!Z(/
437,Franciska Bilam,fbilamc4,fI2&}&}9%
438,Karoly Walkowski,kwalkowskic5,pW7(w|_5O{5Fn
439,Les Franiak,lfraniakc6,"hE7<zWG"",tB.okfw"
440,Jacintha Guillford,jguillfordc7,lC4%JKi|x{
441,Jorry Greenshiels,jgreenshielsc8,wL0_Xbv=u!\8jJO9
442,Alano Cayton,acaytonc9,cI9@ye<6c+Gkjf4
443,Othelia Barthelmes,obarthelmesca,tE1+|/ZA>5
444,Kristofor Fassum,kfassumcb,oS0`sx11A_Xr@
445,Andie Kubiczek,akubiczekcc,mQ9'_'.GkR3v
446,Olag Haug,ohaugcd,tE4_%2b!IZ._=f5
447,Manfred Besant,mbesantce,vK0}d9J*)
448,Erl Bolt,eboltcf,dX9$aYw_aZ!
449,Beverley Kettlestringe,bkettlestringecg,eF1<wUN>K??dwP%
450,Matias Moxham,mmoxhamch,hM5|<S<WkStQaI
451,Bil Siege,bsiegeci,iA1#n25+BC~dVuZ9
452,Elisa Kingswood,ekingswoodcj,oB8{O<aRGuP\68
453,Darcee Wiggett,dwiggettck,mO6(43L2P1**J6(C
454,Belva Luc,bluccl,"wS7""c+l70MS.Lz"
455,Cesar Janssens,cjanssenscm,"rN0,<qcx*cKo_>@"
456,Ardenia Houltham,ahoulthamcn,bQ1%w%dc
457,Sisile Peterkin,speterkinco,eV9?2EMn'L7u.
458,Feodora Clinnick,fclinnickcp,"cK4*weB,F~fw2p.'"
459,Livy Kennard,lkennardcq,"yU2,<0Ef"
460,Livvyy Dallas,ldallascr,cS2$qk>j
461,Caralie St. Leger,cstcs,jU5=ucRh@)@
462,Nora Rubinfajn,nrubinfajnct,mV2\z6eKD!N!eP
463,Melodee Glanister,mglanistercu,"mN6""mNo!""y{x"
464,Francoise Rendall,frendallcv,cT8*_hOcFFR<a
465,Kalli McQuilkin,kmcquilkincw,eJ3+vx>A3Hm
466,Celia Vondrasek,cvondrasekcx,xD9!=WAckN7!
467,Edita Enser,eensercy,eF7)>H>unTmX
468,Rodrique Juniper,rjunipercz,vB5@oG=H&xGOK=>
469,Ericka Tabbernor,etabbernord0,lG1.RCqku8<t#
470,Nahum Bonney,nbonneyd1,"qA7`Qt/.DRW,|"
471,Allegra Pointer,apointerd2,rE6@ta1u4
472,Ronnie Courtman,rcourtmand3,"gB0`i'kz'*,.@e}"
473,Donovan Hainey,dhaineyd4,lY0/@?n3vP1h
474,Ilse Dilke,idilked5,mT3~==4%P7A(6{N
475,Isaak Buche,ibuched6,xJ7{7rPQ
476,Averell Keford,akefordd7,"sX1/nO#9kH=,6g"
477,Sherilyn Newhouse,snewhoused8,zN7/l*8{p3x2|
478,Byrom Pahl,bpahld9,zT7/6{dRd.
479,Kirsteni Dulin,kdulinda,sE7|P/F*r<hx?*P
480,Timothee Farrance,tfarrancedb,tI2*?p`JtcTQ5h
481,Toni Holleworth,tholleworthdc,hB4\Arny)
482,Bride Shropsheir,bshropsheirdd,aO5=_>\7@jX
483,Harriette Scriviner,hscrivinerde,bD2@be6u0oFk
484,Glynda Toffanini,gtoffaninidf,oG1$)EU2SPv
485,Gwendolin Doyle,gdoyledg,iT0`W_r3@DW?
486,Richardo Byrcher,rbyrcherdh,aU7(K'KZoZ~.
487,Alexis Sabbin,asabbindi,wS4$rfXjv#db4&
488,Daune Petherick,dpetherickdj,gV5*dlOc%I
489,Artair Sherme,ashermedk,mW5`OA)V971H#7
490,Hilliary Coleford,hcoleforddl,aV5#El&9){{L\
491,Myrtice Dauber,mdauberdm,kR2)fhfQEiN
492,Ingar Skeldon,iskeldondn,pZ2>.?hg~y_QE2Q
493,Dyanne Uren,durendo,nV7<zpd(ZttHh2
494,Elwira Huskisson,ehuskissondp,qG5$Pbh6k|
495,Byran Glascott,bglascottdq,pY5@B''xwVZi
496,Pooh Pomeroy,ppomeroydr,rU9@HFXAR~js`
497,Benson Goodluck,bgoodluckds,"uZ1!'g7,22`k1"
498,Brynne Blunsum,bblunsumdt,hV1@NgcK
499,Lorilyn Witcherley,lwitcherleydu,"dW3,yCML+""Z~"
500,Franny Aulton,faultondv,yQ5(}'3olZ&f
501,Ruben Wrought,rwroughtdw,xH8&G)4T'/
502,Pia Storey,pstoreydx,aH0/#o$H85q'
503,Zedekiah Galilee,zgalileedy,vH0{6xUX>C#_=+QZ
504,Mathilde Murrells,mmurrellsdz,nS4|89f)
505,Ximenes Skatcher,xskatchere0,yM5@hT>I
506,Chloris Brunelleschi,cbrunelleschie1,bA2||gFdQI17iP
507,Jabez Passfield,jpassfielde2,wO0!N%k>7scD`
508,Ber Wesgate,bwesgatee3,fH4/t`EaV
509,Saxe Shillam,sshillame4,vF0!/lZsWn.eYG
510,Timofei Worpole,tworpolee5,wS1)jbIXY}kT
511,Ryann Hardes,rhardese6,rG1*.*T)1'UP
512,Adelaide Linton,alintone7,hB6=8k3W)
513,Jarrod Calkin,jcalkine8,yT0!6N3$&J
514,Hillie Cordeux,hcordeuxe9,"lI7~GTw\,qxiS<Tl"
515,Brook Bergin,bberginea,aZ2`EkAJm_pC%4Oa
516,Shea Semken,ssemkeneb,mP1`}Avo2o
517,Katrinka Haynesford,khaynesfordec,oP6\9fDq43
518,Natasha Kirlin,nkirlined,"lD0/IH""(27o"
519,Crosby Bernardoux,cbernardouxee,iJ6&a)BJEeiT6Sem
520,Ruby Kermitt,rkermittef,"cR1=0`X""(MRww{"
521,Kaylee Reinger,kreingereg,uD5`_Z2B(!
522,Connor Cleef,ccleefeh,"eS9>""/VLU"
523,Ileane Budgey,ibudgeyei,iZ3)&E(FLO
524,Marion Southerill,msoutherillej,"sB3""(AAOcc"
525,Vera Musselwhite,vmusselwhiteek,"vI7%zk?e#""XT%a"
526,Tiff Wallsam,twallsamel,"qK2|FM0,c*+*MV"
527,Stanislaw Lawie,slawieem,cW0*'r#yMrWlrH3
528,Westbrook Marchington,wmarchingtonen,wZ9<rqhTTN?WMzCk
529,Helyn Ketch,hketcheo,eN7$$1#EBx*3Z5
530,Gilberta McGowan,gmcgowanep,jT2%A(3kNU
531,Gerek Bernaldo,gbernaldoeq,cL0$BbkGk0iYL
532,Brynn Doelle,bdoelleer,bX1_|Dg5\8
533,Starla Jeanes,sjeaneses,mY1?N/>1)oW@oRrK
534,Broddie Piperley,bpiperleyet,jA1.|X)xZ?h)xe
535,Edin Wanstall,ewanstalleu,oA6!.rx|&/KE0.
536,Wolfy Piddock,wpiddockev,zW2@<U8PNQ
537,Dorette Elsworth,delsworthew,eO9<k2et8@J
538,Benn Baudoux,bbaudouxex,"iA9""gt9)+\LO"
539,Lek Eden,ledeney,vX4{Odg_
540,Graehme Senner,gsennerez,wW2<(3>\PPy
541,Zelma Oakwood,zoakwoodf0,"tG1>YH0tv\8""FiO"
542,Juana Mourant,jmourantf1,pA5}6J<c
543,Letizia Potbury,lpotburyf2,"bS1,wshWV>IcG+"
544,Evan Ozelton,eozeltonf3,pF9>}4_eHI
545,Liz Sture,lsturef4,fP4)+QfEs'BB2cG5
546,Roselia Huke,rhukef5,"mF0=g,q/"
547,Claudina Yarrall,cyarrallf6,"hY4\sS"".)orXWC%"
548,Alexio Strutton,astruttonf7,sE9*|o%z1JbsPkY
549,Staffard Khalid,skhalidf8,"cS8""#K`N7"
550,Zabrina Lough,zloughf9,wH2$$>zoAhN
551,Dallas Dabel,ddabelfa,fC3|$`w.L3`
552,Aubine Nowick,anowickfb,"gW9,9NYeT=WFh"
553,Reid Amiss,ramissfc,aB5{3Hs#aWxSj42L
554,Jaynell Muat,jmuatfd,"nF9""V\|9zUfG39_J"
555,Constanta Dupoy,cdupoyfe,vZ9~X6zSR{Y.
556,Archy Knighton,aknightonff,"xL0*6(QO(""T"
557,Jobi Reinhardt,jreinhardtfg,uF0~</n0\V
558,Grissel Richardin,grichardinfh,cX3(qUY7ne
559,Frazier Thoumasson,fthoumassonfi,nN7&m8i#C1
560,Jackqueline Laingmaid,jlaingmaidfj,oS9}PdYr5U
561,Alvina Whitsey,awhitseyfk,"rH4""d&,is"
562,Hamnet Bottrell,hbottrellfl,wV7{`~j6JieH
563,Emily Elloway,eellowayfm,wE6<1@qVZ48|Dn
564,Celeste Bawme,cbawmefn,"sT6{r*9d40fnuu,#"
565,Essy Willans,ewillansfo,kO6=glsi/t6LATH
566,Niki Haseldine,nhaseldinefp,wQ0$dOT}NQU$Ohkp
567,Talbot Bonnick,tbonnickfq,rU0)Q\1XP%`sn\Z$
568,Mateo Kenyam,mkenyamfr,cW9<z%*%|
569,Birgitta Agnew,bagnewfs,bV0.>lrEIpQ
570,Harli Arran,harranft,uQ4)R@Nd4
571,Pippo Loughren,ploughrenfu,kH9%X~>zxrcB5JY=
572,Romona Larrat,rlarratfv,uR8&Gt_!TP
573,Harlan Rosoni,hrosonifw,pD4)Jv5kXas=OCWJ
574,Alethea Kharchinski,akharchinskifx,tC5.+Dl!
575,Anestassia Gasticke,agastickefy,yO6`d~/b
576,Kore Bloom,kbloomfz,fL2(}0I`
577,Devan Horlock,dhorlockg0,sY3}sywL
578,Ulrikaumeko Sibille,usibilleg1,wI2%0X%6~cQ09x
579,Estrellita Itshak,eitshakg2,"jQ9_<Bm?S,ibWc"
580,Cazzie Pharo,cpharog3,aH9'$nY%Fca/h
581,Rollins Dwelling,rdwellingg4,"xL3,q9(.'w{a"
582,Noble Fice,nficeg5,zU1=m_G6N#X\
583,Giavani MacCleay,gmaccleayg6,bP4~Tn4T*
584,Antonie Waiting,awaitingg7,tR3!ER}irSFd
585,Cami Dengel,cdengelg8,cN4~rPJ}N6C#b
586,Teodoor Philippart,tphilippartg9,"sV1""5__B,RiYN@C"
587,Aluin Gabbett,agabbettga,hZ7%.@yr!
588,Kaitlyn Quadling,kquadlinggb,"tV4+&%)'kR""i"
589,Katuscha Brotherton,kbrothertongc,qV0=$$'}k()J
590,Flynn Tokley,ftokleygd,nS9(WaQ+`
591,Arv Scrane,ascranege,kY5%u=YPXc
592,Gibb Del Checolo,gdelgf,"wV9/ZI,/E"
593,Edik Wace,ewacegg,"bP4$=.m,0G"
594,Court Ferier,cferiergh,pI9<xHVV&q9#
595,Andrus Durrell,adurrellgi,"iV9%*oqd""*"
596,Maddi Stener,mstenergj,vQ3_f=n=JG{~~W
597,Diarmid Bredes,dbredesgk,gP1|@&4jAH{
598,Helen Vigietti,hvigiettigl,zW4.c3kYA0g
599,Bonnee Kirkness,bkirknessgm,dN0*1VP9t2'F{YW
600,Forester Doy,fdoygn,"dY1{7%""dZ=e+B|"
601,Zechariah Stegel,zstegelgo,jH3/f@u9@Hfr#zp
602,Carlee Threadgold,cthreadgoldgp,cY6}Ek|g`3fIoA7
603,Deonne Longmuir,dlongmuirgq,"iS2,U/@#"
604,Arly Learoid,alearoidgr,"lH8_TA8(9I,Meap4"
605,Allx Gorthy,agorthygs,eK1`i`c9
606,Gonzalo Leworthy,gleworthygt,qH8>~PEPQ*6Ge
607,Ellsworth Copland,ecoplandgu,"fK8""jP)g4F"
608,Silvano McMeanma,smcmeanmagv,pH5>#.'<EHIx9/q?
609,Jordain MacKeogh,jmackeoghgw,"xM7""oli$R@Up.|+"
610,Selena Treweela,streweelagx,"lQ0!e3unFQg{g""<"
611,Milo Rose,mrosegy,eL3$v|BwOO$Blevb
612,Odelinda Skellorne,oskellornegz,pS8|AZet\0v\
613,Valida O'Growgane,vogrowganeh0,"iR3>Qc)GGA7u,"
614,Leisha Marden,lmardenh1,gB1=tHsEq2>hIDj}
615,Feliza Lavalle,flavalleh2,rH4~n%4SOwk
616,Drucill Pinchback,dpinchbackh3,iP4(d~D\r8D
617,Coletta Hoff,choffh4,sC3+/&i)'Hq
618,Verena Buswell,vbuswellh5,"gI7(G}$0D/""/4Ki"
619,Quintana Kneller,qknellerh6,wJ1+rbIkCy
620,Briana Jestico,bjesticoh7,cS9%Oby01!=y}
621,Tait Ashbolt,tashbolth8,aW4(G9HU<58B
622,Shannah Rodrigo,srodrigoh9,bY8*<n_trKc7
623,Brinna Risom,brisomha,eT1>>HA<Deh
624,Townsend Lovel,tlovelhb,kP7&n9!V\d=qb65v
625,Basil Willoway,bwillowayhc,xO8`$8Og
626,Yank Dow,ydowhd,oJ8\_XZz.&/B
627,Dewie Grigorushkin,dgrigorushkinhe,sI2{4#G7
628,Syman Brittles,sbrittleshf,mZ6@dmCDzYusE
629,Jermain MacNeice,jmacneicehg,rO5`0N_+<N
630,Zolly Boullin,zboullinhh,yW0#|M>'\e$Qp
631,Ruth Jarrad,rjarradhi,yD0*IO@afSp
632,Sukey Caldwall,scaldwallhj,zE6+F56Ig+m
633,Lula Cotter,lcotterhk,gX1.!L9H?{
634,Essa Garfitt,egarfitthl,"mH6_B""N*4H3s>j`}"
635,Analiese Teliga,ateligahm,"wT7'Jy\77S~_""V1L"
636,Haily Mableson,hmablesonhn,"hK8`,J)S4$0_}"
637,Penn Wearne,pwearneho,qX5}CsOI#TDLl?
638,Zara Hebron,zhebronhp,"hS5!CvL""oJ"
639,Iolanthe Alenov,ialenovhq,"oM7#|\j7kVS3Y<,~"
640,Keefe Laurenceau,klaurenceauhr,yV6$aLQF89O+
641,Lark Dressell,ldressellhs,bT9#bD~!/Xcn84t
642,Elianore Beurich,ebeurichht,zC7>'SAjHYjm
643,Carole Lemary,clemaryhu,yL2|)ohjioUj
644,Karole Solleme,ksollemehv,pC2!8dfy?bX
645,Raviv Flahive,rflahivehw,"mY8""X*pbQpPJ"
646,Ferdie Fuentez,ffuentezhx,rI9{WrYD8=s_
647,Avery Pinnick,apinnickhy,rQ7=5mfL#Kc?/U#G
648,Ann-marie Haslehurst,ahaslehursthz,rT3{M4zzk7
649,Taffy Dagger,tdaggeri0,"gL4>=.<k|fZu,iT"
650,Ebeneser Shepherd,eshepherdi1,kG0~1~cCg&e
651,Ayn Klaessen,aklaesseni2,eV0(FY/1~N}~z
652,Nappie Skilling,nskillingi3,tD3*JNungc@
653,Caty Crame,ccramei4,"xT9=Ai_)pou""4v%"
654,Robbyn Sandry,rsandryi5,zX4{`IcyDOCK>CZ
655,Osbert Giraudel,ogiraudeli6,uB5{zHJSWEh$H
656,Dave Cordon,dcordoni7,eP5&h=PpC_$$
657,Arvin Blastock,ablastocki8,lO3`445Lhl6f<'
658,Maurine Lobley,mlobleyi9,zM8}tf=v
659,Kaine Senecaux,ksenecauxia,"mI9""pbV~9"
660,Lelah Sabbins,lsabbinsib,gK7|`@`#hvI
661,De witt McElroy,dwittic,eY3)(Nfo6.}c|N)
662,Isaak Rowles,irowlesid,vG3=)+FZU3AEQ
663,Fred Dyson,fdysonie,yH9+6yXrVoO
664,Leonid Gillhespy,lgillhespyif,lQ0|0\y`sBJJcm4@
665,Sadye Marousek,smarousekig,sZ9.(wBOM
666,Gretal Syme,gsymeih,hE2'/+l#g
667,Kania McAuslene,kmcausleneii,zG3(\/dsFaqI.E_@
668,Adriane Bromige,abromigeij,zK8$Ae*}
669,Packston Lamkin,plamkinik,tT5%Qr$a/{lY
670,Zsazsa Rought,zroughtil,"zP5&wN""h+u{)5"
671,Humbert Cosgrave,hcosgraveim,"bF2""zkC.3QYb6"
672,Jonah Stiegars,jstiegarsin,fK8\njp<DM
673,Shellysheldon Di Ruggiero,sdiio,oS7>Id_#st
674,Celle Kivell,ckivellip,oM6`G`la&
675,Judy Kirkhouse,jkirkhouseiq,"sP6_Y,a\P2CuD@un"
676,Van Winterburn,vwinterburnir,"hD9/,qUV'S6"
677,Carmelita Henaughan,chenaughanis,"tM6,%WDw'7Wd"
678,Gianina Splevin,gsplevinit,"vE4""czP)sS"
679,Caesar Crottagh,ccrottaghiu,zV9(3g$|
680,Rochester De Roberto,rdeiv,bN2#Rsf|Ya4IBv
681,Catherina Mollon,cmolloniw,"dK8((bplWr8,"
682,Mischa Jorry,mjorryix,tK1<Jq+XaE
683,Cordi Petrollo,cpetrolloiy,mQ9_MwvhQ3<*
684,Siffre Huntingford,shuntingfordiz,sP2%@aB9)&
685,Jess Sword,jswordj0,hL2.2}a6
686,Brunhilda Sparks,bsparksj1,gQ3($ugN/xS
687,Hamid Gilliatt,hgilliattj2,dJ0{uM_i
688,Neale Stubbes,nstubbesj3,aV7|\rE~i2
689,Cornie Viel,cvielj4,"yL5($p,Msy*x#k"
690,Helyn Beedle,hbeedlej5,"dB7,MxDo4YFz@%?"
691,Meade Blundon,mblundonj6,aW2}g}+m.*
692,Abran Danet,adanetj7,xK6_J9lvcai`pdze
693,Helenka Groomebridge,hgroomebridgej8,sI9)twnG~ci
694,Zollie Dryden,zdrydenj9,hA2#lSraqUp15'
695,Svend Montford,smontfordja,wI2_mXX+3=@c
696,Tansy Leefe,tleefejb,"kA3(<bV'~fT"""
697,Casie Skarin,cskarinjc,tG1)7tGuZF>pwMx
698,Abbe Bramont,abramontjd,rW6)Nlbx
699,Terencio Foran,tforanje,"gR2_""SISC=n"
700,Alexander Salazar,asalazarjf,gQ1@AHtqZE1
701,Grover Parman,gparmanjg,"dI4%""F4k+"
702,Afton Foy,afoyjh,pD0\%\+ij>zd#/Y
703,Nial Klainman,nklainmanji,zD7%+!?Y%e
704,Drake Lubomirski,dlubomirskijj,iE5<75szpAlhC
705,Dagmar Pratton,dprattonjk,"jQ8_C~Uf""}J6""2)"
706,Waite Carn,wcarnjl,jX8!U!b9yjd
707,Farr Palphreyman,fpalphreymanjm,aM1*q2g>/SU
708,Waylan Mateo,wmateojn,kJ6<0e0oV
709,Sherry Eastwood,seastwoodjo,"sP5.{NI?!4z/""aT"
710,Zachery Lacknor,zlacknorjp,sA5!<3Iy`)du$
711,Brenna Dumphry,bdumphryjq,eH8+sP4U
712,Verna Lorkings,vlorkingsjr,qP0+U}LRon
713,Dido Marven,dmarvenjs,"cM9""A!R9x&o(L\"
714,Jaime Priditt,jpridittjt,"bC0}|B,X4W0V?},D"
715,Hermia Gaynes,hgaynesju,cW3&oG)lMZY+tU
716,Heall Sallnow,hsallnowjv,kB2{N<T'373vL`T
717,Abbye Craft,acraftjw,tO0&~mR3HGf0_
718,Bealle Barthod,bbarthodjx,zV9=vbVH)mre6%
719,Bernadene Woolvin,bwoolvinjy,"iP1?(},z"
720,Ned Mattecot,nmattecotjz,mV1`4rqtHd/
721,Luciano Chadwen,lchadwenk0,"hL8,{KYh+L\9p2"
722,Alie Fowlston,afowlstonk1,nK8~)<F#EAt
723,Tiler Stiffell,tstiffellk2,vU7?TrH#
724,Rafael Woodthorpe,rwoodthorpek3,cC6.5YL%e('/Rd
725,Ber Joule,bjoulek4,gF4#3qOdOF
726,Tobiah Tremlett,ttremlettk5,kU1%j#Ifo+
727,Ernie Stickells,estickellsk6,dV6})$9.
728,Britney Shelsher,bshelsherk7,lA3$Jo<v&)Oz8iL
729,Caspar Worshall,cworshallk8,kR9&<|.sObtYyar3
730,Casper Eubank,ceubankk9,jV9+M?X+!L77UEKK
731,Leticia De Vere,ldeka,fT3$gcn*
732,Adda Gaffon,agaffonkb,"vC9!hmv,(vzo"
733,Annecorinne Mayne,amaynekc,eU9%ZKW_z#bK9UW2
734,Reggy Duckitt,rduckittkd,gX5.iRSKUVQw
735,Lorelle Menzies,lmenzieske,hC9&%*W=)hnfCR
736,Arabella Philippon,aphilipponkf,"mH5""|$=Yr"
737,Sherie Bastone,sbastonekg,xP7~=P.2
738,Skell Borsi,sborsikh,lU8~0fL<S
739,Orelia Ferenczy,oferenczyki,"oO3*L,|B8kuw,G\"
740,Sidoney Nattrass,snattrasskj,rW7@Z@+t%.d=
741,Bentley Carlisle,bcarlislekk,"sI0""<&WYSA"
742,Jacki Skeete,jskeetekl,wV8/s{?@Su
743,Cullen O' Meara,cokm,"cE7!G'K/xGF?,4"
744,Bondy Hablet,bhabletkn,gI5<4mV~5qeKX\
745,Grantley Regorz,gregorzko,bA5+L<1/NkF5aL
746,Willi Batters,wbatterskp,uE6~!1sCA\&>2
747,Alyssa MacSorley,amacsorleykq,dY8#nU)ENRxTW8
748,Che Petrelluzzi,cpetrelluzzikr,"sJ6>d6QZ}U""zgbV}"
749,Artie Mathews,amathewsks,tN8_?wvsW9Eu>
750,Lana Toll,ltollkt,sA3~?|3Eunm)2
751,Mame Klimowski,mklimowskiku,vG5.u`|8#
752,Garey Bowne,gbownekv,jA3+Pn)j|?$Y
753,Gabbie Bean,gbeankw,wO2+Fo8rtR7|9
754,Adan Lethardy,alethardykx,vC9*j=L~leIa
755,Evangelin Verson,eversonky,"uJ3`,zisw)OHRGu"
756,Kennie Galley,kgalleykz,jT7@6g<m<
757,Elana Yanshonok,eyanshonokl0,bH0%iEVAwT
758,Mikaela Abrahmson,mabrahmsonl1,"lK7{,pcF9Tx%'_"
759,Hurleigh Coslett,hcoslettl2,rH2<8MS'i40N
760,Winona Cocks,wcocksl3,dC6&r/lpNR)%0K
761,Benita Lowings,blowingsl4,"cU7,(TR~f_"
762,Katharina Jewer,kjewerl5,kQ7!%=%M.dZn~<C0
763,Ingar Dumbare,idumbarel6,oM8)OMm8fU
764,Nanni Queree,nquereel7,pS9~d~bv)fGl$$
765,Kinna Motte,kmottel8,"eI3%e!j3H0F""f"
766,Kerrill Gammons,kgammonsl9,eL8|gx}O6@r2qCE
767,Maison Oughtright,moughtrightla,vG8<Wrf5?4#}u#
768,Andris Rudram,arudramlb,"aM1""0JjMwo7n8\>"
769,Obidiah Middleweek,omiddleweeklc,bW2&wrb+.'Y
770,Tiebout Odby,todbyld,sU4'$zTX
771,Jabez Glowacha,jglowachale,uV8'phvFYg8_|
772,Enoch Hinrichs,ehinrichslf,"yC1`(MQ{1,BGSisP"
773,Koral Barnsdale,kbarnsdalelg,pM1%UiY%d'
774,Barby Enrich,benrichlh,kW4?_K$&HFQ>4
775,Aurelia Rizzone,arizzoneli,iT6$V?$6o$#0
776,Inga Havesides,ihavesideslj,"uC6.$oh&P9,2(fRq"
777,Lita Crossgrove,lcrossgrovelk,"jD3}u\p1,n6Va*wH"
778,Petunia Robertet,probertetll,aN7{PxQ8pQ
779,Ruthe Swinfon,rswinfonlm,"dU1=,K8%,_L"
780,Tiffani Prahm,tprahmln,jY8%t{I|Ym6zeWY
781,Olive Renfree,orenfreelo,vG9!m9zbA8
782,Dukey Berkeley,dberkeleylp,bY8_n2u&!94tqD
783,Andrea Cowsby,acowsbylq,eL4~sLLj
784,Rosella Wilsher,rwilsherlr,"eV7'4zIz,RoNrow{"
785,Nola Goodrum,ngoodrumls,"hM5_5&1X?v""YR"
786,Bethany Pane,bpanelt,fC8=i4}9A+yT_izu
787,Vitoria London,vlondonlu,zB8|nebQ`5}
788,Claire Ziehm,cziehmlv,gD9`5g+tX$Jg)A
789,Leanor Durie,ldurielw,vR2|430C+'pLG|/
790,Charis Brabin,cbrabinlx,wM7>$}%@P!RTeB.
791,Myrna Auckland,maucklandly,vU8}Rk'!
792,Patti Berney,pberneylz,xR6/CI&@yE8{TUPu
793,Melantha Howland,mhowlandm0,tY2`9Q08g4
794,Belia Harcus,bharcusm1,iW3@SzTe>ee+h/{
795,Ninnetta Izat,nizatm2,tF6}OI*L4&=
796,Golda Seale,gsealem3,yE8>oOgDFD&x~yo9
797,Trumann Shopcott,tshopcottm4,aJ1{<%S3RO#*U\
798,Terese Standon,tstandonm5,bA0#AQs+H$R
799,Marcel Callaway,mcallawaym6,tK2~5!d!zunL
800,Carmelina Barrand,cbarrandm7,kR7\UF|Od.y.h+Q
801,Cate Redgrove,credgrovem8,cW0~LK7+Y}#j
802,Ali Gilardengo,agilardengom9,"xH0""G#uQc>f`"
803,Trevar Casely,tcaselyma,wL5%1$ZhTHH
804,Cordy Cutmere,ccutmeremb,tH1`)fJn16bFJ
805,Kiel Yeates,kyeatesmc,cN5*Y'Zxxy'
806,Catherine Ditzel,cditzelmd,"cX2$,}~G6c"
807,Jenny Melby,jmelbyme,aP3`\3h.yI/o
808,Lise Flaxman,lflaxmanmf,"cV6!B$Q""Gzl7V_X"
809,Sofia Borres,sborresmg,"hW4_iX#/"""
810,Darsey Willmott,dwillmottmh,jM4%(v6*
811,Perry Martinetto,pmartinettomi,qO8/%rzZ/9a'TW_
812,Isabelle Chelsom,ichelsommj,gY4}QaX%(Y
813,Tillie Tash,ttashmk,"aR2""c~!e}"
814,Virgie Suddaby,vsuddabyml,dR2~f0KK{+Bn!`!x
815,Cati Yegorkov,cyegorkovmm,eM9$OqwT%34j
816,Padraig Bartusek,pbartusekmn,rJ2'i}m'<k.`$#d
817,Blayne Florence,bflorencemo,xY2~&jvT`>
818,Devondra Elgee,delgeemp,hW1`6k!cJLbMd
819,Rriocard Kinneir,rkinneirmq,kE4*Sgf6K
820,Normie Lever,nlevermr,"zN5,HPgR5C"
821,Salomon Jermyn,sjermynms,lV3!Wg1xc
822,Ernest Seth,esethmt,"hY8!J8,?ew>"
823,Marco Edgecumbe,medgecumbemu,lU0\+OI}3/_F=(
824,Papagena Lindsay,plindsaymv,wX8#`x34E
825,Delmar Menhenitt,dmenhenittmw,mH2{e8?U#)D0c
826,Alli Siggers,asiggersmx,xT6*uLr3
827,Bernette Thicking,bthickingmy,wT0<uuTtY|W
828,Mamie Petrakov,mpetrakovmz,bG6<'jb7A\G
829,Tate Di Gregorio,tdin0,"bS7!w4+,o0&r<cn"
830,Abner Hannaway,ahannawayn1,tT7?)'qI?6~92z9q
831,Sorcha Asken,saskenn2,tA2#b'XmNG??>}Y
832,Evanne Becaris,ebecarisn3,cR9?v7*_<{Htq}
833,Wallace Chaise,wchaisen4,oU7\RZG?
834,Bernetta Tarbath,btarbathn5,"eZ8(wk,E"
835,Vassili Shildrake,vshildraken6,sN9<_jep
836,Harriette Tinghill,htinghilln7,zK4+4!77_q!
837,Kimberlyn Choules,kchoulesn8,hW3&8*$vL0q
838,Wolfy Cottom,wcottomn9,sW8!YZ*SG9D
839,Hazlett Ortiger,hortigerna,fH7#Q`JU+w3DB
840,Daloris Nix,dnixnb,zW6_6P(gmk4'T2
841,Immanuel Oddie,ioddienc,gD0}aQH6(d(yz
842,Krishnah Guillon,kguillonnd,eW9)tXj%>M<Q
843,Carly Lindro,clindrone,mW6'#+u_
844,Aurea Ivanchin,aivanchinnf,nR2/.pXq21Z
845,Rockwell De Domenici,rdeng,"cJ1?Dzl<}w93Q,d"
846,Ronni Nardi,rnardinh,lJ0+|wqYf(az
847,Ennis Royle,eroyleni,hS8)OUf}NuNsN~
848,Peterus Scaddon,pscaddonnj,xC5+e))XwYo%40kt
849,Cointon Crosthwaite,ccrosthwaitenk,wV5>PRg49viOLfg7
850,Dulci Dunkerly,ddunkerlynl,rY0%#H}jinGI}c
851,Rosalinda Oty,rotynm,pX1@i?@3$@v
852,Chase Metterick,cmettericknn,"dW7,lpW_lD"
853,Florida Bewsy,fbewsyno,gW6=xlEl
854,Godfry August,gaugustnp,wZ9%`i@i'
855,Northrop Kepe,nkepenq,vX7'KsgeQB
856,Ivette Danilyuk,idanilyuknr,qN4+BmckQd
857,Carlotta Mulholland,cmulhollandns,hB7.fAU(.k</
858,Marybeth Curless,mcurlessnt,yL7+h*E3Q54<
859,Bartolomeo Danilenko,bdanilenkonu,hN7.}p'0(/lH(
860,Stanislaw Goldby,sgoldbynv,gU7'LfbD7BW*|yV
861,Ossie MacAlinden,omacalindennw,"jC6,z9/`C"
862,Fidelio Union,funionnx,uC4#FTU7=$?vF
863,Stephannie Rehn,srehnny,vN3)bHDLPw(.e
864,Deck Woolam,dwoolamnz,bX6#`1T|*k
865,Robbie Dubois,rduboiso0,dN0%H@(y/&0Un
866,Norene Hassall,nhassallo1,fS6=Voqy{
867,Lanna Swyne,lswyneo2,mE3'7a5IUT|x
868,Merrielle Raymond,mraymondo3,"tD3""R(`grv4!PV"
869,Binnie Skryne,bskryneo4,zN7@JF))<bqsQ3#
870,Di Simants,dsimantso5,zN9=Zfs<lkW
871,Arney Macauley,amacauleyo6,"fM3""Yb4~Dw4u"
872,Agnola Witheford,awithefordo7,"hQ8""H64L?ryR`J"
873,Alley Duplock,aduplocko8,"wT9""d~0\ct1{$"
874,Lancelot Dibling,ldiblingo9,jP1`ne2P$hNns
875,Vincent Marjoram,vmarjoramoa,lL2*St57vhr
876,Sasha Blaskett,sblaskettob,vZ9~(+vV{2Ia@
877,Noelani Romeo,nromeooc,iU8%~P8z'\
878,Tobey Lade,tladeod,tK0<#Do%?3Qj
879,Benedikt Ewbanck,bewbanckoe,"nL3*rE(<E""5<\)_Z"
880,Oralia Tureville,oturevilleof,zP4')Sa6{l
881,Leta Doole,ldooleog,gM0%#q|%Ws$S9M
882,Marcie Wass,mwassoh,iM1/PuK5~pg_ZT4
883,Shandeigh Wike,swikeoi,vK3>\7.c
884,Viviyan Sharpus,vsharpusoj,jM7.8PO>PTVv
885,Erastus Sorrill,esorrillok,fN2|MiH?
886,Laraine Oddie,loddieol,xK4&~Q%Jd
887,Uri Bastick,ubastickom,"xI2?W\GD""*R|I"
888,Randolph Auger,raugeron,gT6_)'`1
889,Dillon O'Dowling,dodowlingoo,kK5#sy/Z~<n>q(!Z
890,Coleen Drew-Clifton,cdrewcliftonop,"vA5,$t7/dzTednA"
891,Aylmer McKitterick,amckitterickoq,hI1)Mzw~H_r>
892,Elisabeth Nuscha,enuschaor,xR7@cmiyOaer9(ty
893,Marieann Lauritzen,mlauritzenos,mH0+m|A&$6X
894,Kelcey Bernollet,kbernolletot,pW8<UsjkwlSfjB
895,Florrie Callis,fcallisou,"kX9,_$&f"
896,Pierson Bollom,pbollomov,dI5>*trg|i2
897,Husein Bawles,hbawlesow,"rT2+pl`#,{u&hE"
898,Jeth Sinott,jsinottox,"uU0,VO,r3|yB~$m"
899,Milt Kleynermans,mkleynermansoy,sL5}|hqO
900,Russ Hatter,rhatteroz,"aJ8$o""=C)BmDX)}K"
901,Guendolen Kitcat,gkitcatp0,kI8+UK%mxt13xtH
902,Loria Ahlf,lahlfp1,gY1#p(QJ/}E2Wlpy
903,Orv Slingsby,oslingsbyp2,eS3*1.Bl9U.
904,Sibylla Pestor,spestorp3,lS4>X)1Ykm6eIQ*Z
905,Thatcher Fairburn,tfairburnp4,lI9`JD@`9ospfVv$
906,Stefan Pelerin,spelerinp5,bI5!x.Jm2UIP3I
907,Vickie Creaven,vcreavenp6,oP7)lYXL=
908,Hart Gillcrist,hgillcristp7,"yX3""k}RuPNZ"
909,Bertha Purle,bpurlep8,mA8$3g+TjC0
910,Morty Renols,mrenolsp9,nB6#|~=9pg3>
911,Nikolas Siderfin,nsiderfinpa,oV7|xB}bhD
912,Junia Deetch,jdeetchpb,"zB5,Dyt)9PDA~.R"
913,Corie Wibberley,cwibberleypc,cO3&I9oX#bFGH
914,Gabriella McReynolds,gmcreynoldspd,oN3=Yn#gtfc%1Cx
915,Clarita Schaben,cschabenpe,nB4{tNPcXt&5Nbw
916,Nicholas Aronov,naronovpf,eD0<4vO\!
917,Timmi Gathercoal,tgathercoalpg,dA3_)7UlQSM74a
918,Britt Flement,bflementph,rS9|WNG84X$w
919,Sharyl Woodhouse,swoodhousepi,bP5+yBc@~6X
920,Crissy Brosio,cbrosiopj,rH9?Fg~L1
921,Tamara Prop,tproppk,hD2)IR27rZ(
922,Myrilla Semour,msemourpl,nP6(0Gf8nA?
923,Tamma Olyfant,tolyfantpm,cU0+/h'5
924,Anatollo Leblanc,aleblancpn,vA3%p/5R.88A`>
925,Esta Daish,edaishpo,"lE4'""@<VaU)t_0gj"
926,Charyl Mosdill,cmosdillpp,uW0*~T.t8
927,Tamiko Giacomozzo,tgiacomozzopq,"tB4,&I|Jv`zt\kad"
928,Mychal Alenin,maleninpr,mB1*l*X8
929,Ertha Pocknell,epocknellps,xQ7'q8BmL5p6\
930,Ramon Dosdell,rdosdellpt,pB1?ci@<dRd9Ta
931,Sheba Arsey,sarseypu,"sJ3_m7ZS3=,Q3Fla"
932,Fredrika Marqyes,fmarqyespv,fB4%|{!Hx>z%uW
933,Christie Burkitt,cburkittpw,"cS0,S}'/+#"
934,Mellisa McIlharga,mmcilhargapx,kF2>U(2xiD'
935,Wanids Donhardt,wdonhardtpy,"nD5/kO&""w|gP"
936,Janith Riggeard,jriggeardpz,qS1?n&vQlY.R
937,Madelin Sharland,msharlandq0,vX6|H$R$
938,Winfield Carstairs,wcarstairsq1,rV6_XC'CMF
939,Corinna Waples,cwaplesq2,aO6@fO|A2.J
940,Alene Strewthers,astrewthersq3,sT1{83G$)XC{8M
941,Edgard Radin,eradinq4,zP7_896@j>B}&C
942,Allin Drinkale,adrinkaleq5,pZ2+AT43
943,Maryann Lidgerton,mlidgertonq6,pU5*rrUg
944,Marita Gauler,mgaulerq7,qN2{plMa5F
945,Sean Shutte,sshutteq8,nU8(6tyyys*lm
946,Doreen McCaffrey,dmccaffreyq9,pO4&8n7?dS
947,Othilia Burnep,oburnepqa,"fM6,BZ2R"
948,Allys Bollard,abollardqb,aQ4`<IKb
949,Kerr Sullly,ksulllyqc,"rA1`9_%,u"
950,Sally Hatje,shatjeqd,tP9\T<'oi
951,Viva Mangon,vmangonqe,tZ9)4v_tuD
952,Theda Evill,tevillqf,"bR4_""A/d)}2$`Cm"
953,Trenton Verey,tvereyqg,"tT4&A)*8""7>NfJa"
954,Julie Fairy,jfairyqh,eG6/CxRb|bI(8Lrp
955,Nichols Trasler,ntraslerqi,uO1/YyL4p%xmu
956,Nanci Henlon,nhenlonqj,"bR7\X5(,"
957,Dierdre Filippi,dfilippiqk,rQ0(&9zT>_
958,Lanie Moorcroft,lmoorcroftql,"qU2""K8!683fC"
959,Georgianne Corradini,gcorradiniqm,bH1(/tmlic
960,Nanine Strange,nstrangeqn,"kE0_),B(.jVj"
961,Shelley Kamiyama,skamiyamaqo,fU5@Nk&2Y8
962,Pierrette Cockayme,pcockaymeqp,"oY7$,aekyh<"
963,Carole Whyman,cwhymanqq,"jQ9""CogW~9?w"
964,Emmit Cockett,ecockettqr,"cS1,'XQM"
965,Tabitha Steffan,tsteffanqs,"hG5$L""H_t6%)"
966,Pavel Cromie,pcromieqt,oC8<D#q<ezs
967,Karissa Claiton,kclaitonqu,iP4?dWiAjFSlTy<z
968,Stanislaus Matthius,smatthiusqv,kE4(l\vLNApvw
969,Rochelle Doddrell,rdoddrellqw,rA0<JrIfVl>g
970,Fifi Spray,fsprayqx,rG2~|ih>ZKbaQU
971,Meris Philps,mphilpsqy,zJ6={VY$a%&=k~O{
972,Kathye Kimberley,kkimberleyqz,"lU7\pRv126""pxX7"
973,Karly Labbe,klabber0,wW6>Q%1Vyk*H5i1
974,Steffi De Beauchemp,sder1,vT7>Y_{G)7
975,Valentin Wisson,vwissonr2,kA2=_B.n?
976,Dar Barrington,dbarringtonr3,"pS0#,XwE)!5"""
977,Sherie Duplain,sduplainr4,fL1`fmq&<uij
978,Misty Drakard,mdrakardr5,"lO9""~5GV%W.{"
979,Monah Twinn,mtwinnr6,"jH9""x$v!hE"
980,Jehanna Ceyssen,jceyssenr7,nJ4.=l?KOg*8p5
981,Rina Parram,rparramr8,"kC3~K,2aBMC\~"
982,Gabriellia Shreeve,gshreever9,"jO3`+J{$IsPAZ"""
983,Brigham Kiffe,bkiffera,rA5{nF(NsY|nEU
984,Gonzales Vodden,gvoddenrb,jQ1|g&RctF
985,Dorolice Boothroyd,dboothroydrc,tT0~}>|9M\R
986,Lewes Heiden,lheidenrd,eR1/V0T`r`p
987,Cesya Duchesne,cduchesnere,oU1%`%eB
988,Torey Albery,talberyrf,"kR1<6x,8\X"
989,Sara Dunphy,sdunphyrg,hT1'{u7c
990,Miguela Ettery,metteryrh,aU6*6r<w)O5po8
991,Jada Swate,jswateri,yZ8\*5QDS`uMV@
992,Jordan Taberner,jtabernerrj,gE0>qq0hVKL
993,Giraldo Sudron,gsudronrk,uC4#2KH=ewP*}
994,Von Crutcher,vcrutcherrl,dM3}ATG~u$MhVm
995,Archaimbaud Penbarthy,apenbarthyrm,aZ1'ad#ZG3N
996,Florian Pudding,fpuddingrn,jA3+a'z{lHZ
997,Olwen Dadd,odaddro,yO6}_&eW?%Iy#ZVc
998,Merna Abramowitch,mabramowitchrp,sW4/Huc|bt*C!B+
999,Neile Isaak,nisaakrq,uA2$.%d8'rUJfO1
1000,Meier Lovett,mlovettrr,nA0%BjDcx
1001,Tiffi Heard,theard0,eA8\1p%3#i9ZCb
1002,Christye Dobbinson,cdobbinson1,sI1(_H|\5TTO
1003,Vyky Winham,vwinham2,"uP3$/\v""i?)"
1004,Aeriel Fermor,afermor3,sE1#@/Z*h7sp
1005,Roanne Murie,rmurie4,"cA7%(>P55ZV0g""="
1006,Minnie Wreath,mwreath5,"bR6""t~,fi9%~?>h"
1007,Tanny Anear,tanear6,cO9'I7z~A
1008,Beck Jedrzej,bjedrzej7,"sF6>iyH""`j"
1009,Genovera Colton,gcolton8,iD6*q!vlW
1010,Eveleen Pattullo,epattullo9,wU2/mJZ>gns?)
1011,Celine Limpertz,climpertza,yX5=&!n>S{{pH7
1012,Hershel Looby,hloobyb,nK7&=FQdGcB{(n
1013,Vivie Keeling,vkeelingc,gR2\?BJJZ4O.
1014,Aluin Geraghty,ageraghtyd,yY6|_ntAa
1015,Allx Dumphrey,adumphreye,mM1&P&dIuJ
1016,Dallas Maddox,dmaddoxf,wL8%T`&.hqSAjLz
1017,Luigi Beardsell,lbeardsellg,"uZ6,6\F?FkAg}"
1018,Willabella Wernham,wwernhamh,pX9%J_UtXeTD
1019,Devin Steade,dsteadei,lV3\#W6+n1>`
1020,Agatha Echlin,aechlinj,iS4%<_ly`L
1021,Tabby Mapes,tmapesk,vZ1*62UQp7
1022,Ginger McVaugh,gmcvaughl,tU2$+xT$bFZcWz
1023,Caldwell Piniur,cpiniurm,"jC5{4he,QdS"
1024,Jacob Mattisssen,jmattisssenn,mP2#n}cc
1025,Darby Ekless,deklesso,sT1._OZ9A
1026,Penny Gounin,pgouninp,jV5*aE2N#3!v%f
1027,Darcy Tedder,dtedderq,cB4/vm1W\Z+0
1028,Meredith MacCrossan,mmaccrossanr,vH8)TF&`n%*p/
1029,Faye Kuscha,fkuschas,cU5{UB+y#i3#$&
1030,Rivalee Cadamy,rcadamyt,xE9&_Iiwf
1031,Alyda Charity,acharityu,hC1#zK<.6B
1032,Eba Bentote,ebentotev,"bL0""Wt7\jB//"
1033,Chrisse Byars,cbyarsw,wX0?g}S?s
1034,Christina Di Giacomo,cdix,sE4~lALsa
1035,Talbot Menicomb,tmenicomby,rI0>*QBcG
1036,Ellen Chillingsworth,echillingsworthz,lI9.k}gQy~`~R76
1037,Teodoor Sewards,tsewards10,lL9{buw6b
1038,Clark Hovee,chovee11,fF4{@PRC_bVZcE
1039,Lorilyn Pharaoh,lpharaoh12,tR9#pAZKp&A$3T<
1040,Parrnell Smith,psmith13,wN2})&EL
1041,Bebe Ortes,bortes14,lT6?D\!D=
1042,Bob Capelow,bcapelow15,mI1/e+nV4a\
1043,Trip Tack,ttack16,hI7)2$<9
1044,Ynez Paxman,ypaxman17,pM9#E3p6RFA%a
1045,Caddric Casella,ccasella18,aH0$<G45(R%kzT
1046,Cate Spowart,cspowart19,eM9?Pf|H1!4
1047,Janeta Piddick,jpiddick1a,"fG9_ZT1lY#Y_""}hv"
1048,Julian Witnall,jwitnall1b,wU3?RTdl'_4
1049,Jeremie Blackbrough,jblackbrough1c,pN9`QEtQ$IAwDX
1050,Kelby Flounders,kflounders1d,"gA3<""}gI"
1051,Klement Pusey,kpusey1e,"lS2""Jo(I.%rL"
1052,Lydie Connachan,lconnachan1f,xH4|Ft=%!XzLG!
1053,Audre Costy,acosty1g,lV3(U3IuL7qK
1054,Gabriel Chalfont,gchalfont1h,cS7/%s7Euf
1055,Leelah DeSousa,ldesousa1i,xS0/<&LV#aU
1056,Ryann Ludlem,rludlem1j,"gZ7}#_A$""e"
1057,Umberto Stennett,ustennett1k,wE4$DZPs6BaX$)
1058,Aluino Ely,aely1l,dR7/NY2Fc
1059,Ewen Matthias,ematthias1m,"tD1""q='i_mKk*j"
1060,Marylin Pengelley,mpengelley1n,dM6@@sO*|7>u4Sp
1061,Babs Gourdon,bgourdon1o,"aM2*#csc""/p/C%"
1062,Celia Gascoine,cgascoine1p,"yH4=&,iG"
1063,Yalonda Burgyn,yburgyn1q,rC5/=BDm(q|
1064,Godart Decroix,gdecroix1r,"cL5""p3C{h%Qr2r7a"
1065,Jaquenetta Lamartine,jlamartine1s,uG5.FLrt4$In#
1066,Dunstan Podmore,dpodmore1t,yK6<A}9P
1067,Jonie Latty,jlatty1u,qB2&)SgxGt)t%{f
1068,Kayla Hamblen,khamblen1v,eW7'YprFWprf'|T
1069,Silvanus Tottman,stottman1w,uK5?p.wV/s.Y91
1070,Kip Mercik,kmercik1x,"sB1!oFL/G,#Mg$"
1071,Suzie Moncrefe,smoncrefe1y,dF7<E*@7*G!$
1072,Malanie Verrill,mverrill1z,"rK3'R>,}wy|WPu@"
1073,Vittoria Gridon,vgridon20,"bY5,.Eh$V`9/>C"
1074,Chicky Meijer,cmeijer21,aH7#z5MVp*
1075,Sherri Longbottom,slongbottom22,"kN2/}}r""f"
1076,Mary Meek,mmeek23,lY3+?kYtQ
1077,Angelle Wallis,awallis24,aN9)=g54@)n1
1078,Udale Page,upage25,"gM3&`v,})@/@(1a3"
1079,Adrian Brogi,abrogi26,kJ7_H}AZuwT
1080,Sula Verma,sverma27,jQ3(skvw)fK9yVzu
1081,Alvan Coulston,acoulston28,zY3.(6|CJx32W
1082,Berry Bransden,bbransden29,nJ3<cU|y3Fk
1083,Flor Lansly,flansly2a,jE8@Z{6nvX*2K\L9
1084,Torie Loughton,tloughton2b,"gO5""I{E8"
1085,Seymour Seedhouse,sseedhouse2c,fW0#bHV((\T*_
1086,Moyra Lowles,mlowles2d,fS8!Gz3E
1087,Staford Coade,scoade2e,"eI3*~~t1{{6,T'"
1088,Gery Loram,gloram2f,iT6@yu1aOXNo#y
1089,Harlene Blackway,hblackway2g,jZ8/wK__=Ze
1090,Viola Grieger,vgrieger2h,vH7@*Ec=9lCU7f84
1091,Josh Runcieman,jruncieman2i,"sJ4""B\}_o)ql%a9"
1092,Lita Hendonson,lhendonson2j,rI2_j$x<tT
1093,Jyoti Tallach,jtallach2k,jZ0)0)</w
1094,Ursulina Newstead,unewstead2l,pI7?a4r+5)N2mxf
1095,Griz Hitcham,ghitcham2m,bF4%F0agN??M
1096,Alvera Bilverstone,abilverstone2n,gV2=4@$5Z
1097,Rosemary Dudeney,rdudeney2o,eD6(uY&8
1098,Egan Roumier,eroumier2p,qV4\FUA3'x4Y8UZ
1099,Farand McLagain,fmclagain2q,"pB6|XhN,\bk4a"
1100,Cristobal Mugford,cmugford2r,"mK7,&*2'7vx\=I(j"
1101,Benny McGreil,bmcgreil2s,fA6`/M=xHId)SBYl
1102,Vail Scorton,vscorton2t,xZ7|hjk8Rt/t
1103,Millard Daunter,mdaunter2u,"cJ1,{!zBBRJPwl1"
1104,Yorgo Kerne,ykerne2v,mO3'a4Ld1e<TG4`
1105,Hilliary Cudiff,hcudiff2w,"eG6,68x1OOF"
1106,Jarid Caldeiro,jcaldeiro2x,uE7!hL'$`qe'(y0
1107,Deidre Morigan,dmorigan2y,yQ9>J<U%Iz'~(6`
1108,Stavros Daniell,sdaniell2z,"sB7>|q>E775<""j"
1109,Carroll Mewrcik,cmewrcik30,zA4{t\9J
1110,Marylinda Domelaw,mdomelaw31,"yF4""=5|N%!ak3"
1111,Reade Hillborne,rhillborne32,"vN9`!R/88e<,go7"
1112,Minta Rooson,mrooson33,"aH9*l,KIc~ktTf"
1113,Parrnell Petyakov,ppetyakov34,"eB9,fx5V3&96z5Ow"
1114,Westbrook Corbally,wcorbally35,kH0|O@r\='
1115,Pietrek Leathley,pleathley36,"rN2=T#!x""|""b"
1116,Simone Lodovichi,slodovichi37,eW9<=+hC!TkEA+Zc
1117,Merci Jereatt,mjereatt38,pS7?aDMa}y
1118,Jasen O'Glessane,joglessane39,iN9{zjthAIH*Vn*
1119,Sayre Aron,saron3a,gY1_SBj/lTn&_C
1120,Delila Narramore,dnarramore3b,mZ6=!v*_C#'
1121,Daniele McAlees,dmcalees3c,qZ1/41d4Z
1122,Eunice Jirik,ejirik3d,vS7|<GTee&?
1123,Gabi Roughan,groughan3e,pW2#Uc={/@
1124,Elfie Whatham,ewhatham3f,nM3+'qI~)_nzA?t
1125,Kaiser Dufour,kdufour3g,"dY3,BNUvinA"
1126,Adam Bathoe,abathoe3h,"eJ8{HH8""~jz8AW9}"
1127,Rhoda Vittle,rvittle3i,aV1.\EH(F
1128,Kliment Pennuzzi,kpennuzzi3j,sC2{8#v1
1129,Kial Aizikowitz,kaizikowitz3k,nW0*pW}?ucn+
1130,Beatrix Daoust,bdaoust3l,yQ8<x8oX4gFkEja
1131,Harmonia Acory,hacory3m,"kO9`yQd',!IZ"
1132,Ronda Jeandon,rjeandon3n,"xQ9}D#P=yR?N'q,V"
1133,Gussy Ibbs,gibbs3o,"jQ7*V~`tDs,X"
1134,Lorelei Yarnley,lyarnley3p,sB6=rEC)S
1135,Isabelita Bazoche,ibazoche3q,xW2{?A@tPs'yQ
1136,Rikki L'Hommeau,rlhommeau3r,sW9@Lxjjo*}3
1137,Lek Romaine,lromaine3s,iA2/!%C/i%)U6M
1138,Geri Lathee,glathee3t,aB0*\kdXy%Tj|Wz|
1139,Sharai Gonsalvez,sgonsalvez3u,fS7`rmqnPT}$
1140,Bobby Spilstead,bspilstead3v,bQ5?`3gBnC')vk
1141,Tyrus Neal,tneal3w,nC2@xX7{7>y
1142,Alphonse Bromilow,abromilow3x,pI2@so6t5V$M?\R|
1143,Derwin Reggler,dreggler3y,mV9!ooUa2Xk
1144,Caro Lilburne,clilburne3z,"lW9,t""ygQn6's"
1145,Melloney McClaren,mmcclaren40,hH8'|R\#/Is
1146,Lorraine Bennitt,lbennitt41,pM9>Q=FtM
1147,Saxe Lebbon,slebbon42,iK8~S8S($5C`_glr
1148,Gabe Daveridge,gdaveridge43,xR8+hceOJN
1149,Benedetta Bettleson,bbettleson44,tU1$jfs9Qfk)FG
1150,Gaylor Linstead,glinstead45,"eM5\KGvq,"
1151,Addia Cajkler,acajkler46,oN2{{Kek
1152,Christoper Dellow,cdellow47,wS6$ypul/umUql%(
1153,Alden Queree,aqueree48,nM7&32k&
1154,Loleta Bang,lbang49,uE9{cW!A7Wtm
1155,Mathew Norley,mnorley4a,aH2@ml</
1156,Marge Hucklesby,mhucklesby4b,"jY6/2BA%,=DDmF{4"
1157,Brena Pinder,bpinder4c,lI1{?gmTR?_#QNp
1158,Dean Scandrick,dscandrick4d,eU0*Cp2uxJn
1159,Elwira Emberton,eemberton4e,qG1%>mC)PV%!
1160,Christiano Wailes,cwailes4f,qB7_2lcZ_U{L.
1161,Gratia Teggart,gteggart4g,hH4?IQ%{*GU#
1162,Stephine Burder,sburder4h,"uB6'.h$i6x{q,Q"
1163,Jerrilyn Jimeno,jjimeno4i,tG8!sVAMGSsBQ
1164,Elonore MacPeake,emacpeake4j,oJ0{0kg+xHG|9b
1165,Sissy Craddy,scraddy4k,"wH4%@10#8Z""pBy2"
1166,Flory Agent,fagent4l,"lF1%mi(,"
1167,Rosalynd Warland,rwarland4m,eU1/\9uLoo39J<k
1168,Ashby Ecob,aecob4n,pU2}s*%CSjZn&E9d
1169,Andromache Falconer-Taylor,afalconertaylor4o,fZ9!E%/z
1170,Wolfy Darley,wdarley4p,jN7}r)a)7a
1171,Cissy Davana,cdavana4q,sY8@||?zVSnkEni
1172,Lizabeth Hullyer,lhullyer4r,nV1'byy=iEX>S
1173,Harrison Meriot,hmeriot4s,uI6))gRQC(`/
1174,Iorgo Woollends,iwoollends4t,hX6.+Q_7NXh
1175,Charline Yeates,cyeates4u,nY1<zmCe
1176,Dotti Kennler,dkennler4v,zU1$+Y6kG%RE{3L&
1177,Lexis Popplewell,lpopplewell4w,"tY4>mV,AEPnxj6h"
1178,Viva Halpen,vhalpen4x,eI4=avGYnKf$k
1179,Rik Woodnutt,rwoodnutt4y,"fH9,iRCTSA1Yjd_W"
1180,Clarissa Lumly,clumly4z,gI5?`O%h3#%qOdt
1181,Barn Liebermann,bliebermann50,lZ5`#vw|3+
1182,Yuri Woolaghan,ywoolaghan51,uI9<)lo%l
1183,Andrej Mobbs,amobbs52,"vN8!2g""MI~"""
1184,Bettye Borgesio,bborgesio53,sY0#x(sSP_X2\0
1185,Tripp Cayley,tcayley54,oD5~a!%j*?
1186,Siouxie De Carolis,sde55,jM7\Q'3@STV\&y
1187,Blithe Balfre,bbalfre56,"jE5,pE7q"
1188,Cori Mansel,cmansel57,eS0|UY%qoEwWb/
1189,Glynis Bursnoll,gbursnoll58,oG4+xaz|$AaW'.
1190,Berni Chipps,bchipps59,"wE2*yGklg%bn,$"
1191,Mendy Gildersleeve,mgildersleeve5a,dJ9|3%o/
1192,Esteban Kielt,ekielt5b,cP1#3C4!pk
1193,Marketa Jagels,mjagels5c,rP1\f9z1(N/H?
1194,Lonnie Heathcoat,lheathcoat5d,"jJ5~E4\wFhA0Yh|,"
1195,Melba Prudham,mprudham5e,uS7*<}I_%{|i
1196,Angelle De Domenicis,ade5f,xP4&l~|Ck}4
1197,Ingunna Cockayne,icockayne5g,gY8+I'm`!G
1198,Alessandra Geddes,ageddes5h,"gB6*""HYMReS@G"
1199,Evangelina Gutsell,egutsell5i,xJ1|Y/0n(+PR
1200,Dukie Stear,dstear5j,"kY2>zE,liQpCW"
